#{"t_start": 1781067216.554743, "env_id": "None"}
r,l,t
0.99608606,3,1.428972
-237.0,256,2.873255
-227.0,256,2.873364
-231.0,256,2.873381
-234.0,256,2.896122
-225.0,256,4.370815
-238.0,256,4.370867
-239.0,256,4.370878
-236.0,256,4.396506
-236.0,256,5.845898
-248.0,256,5.845944
-235.0,256,5.845957
-213.0,256,5.867254
-0.013766635,8,5.898415
-224.0,256,7.164752
-247.0,256,7.164819
-237.0,256,7.192455
-240.0,256,7.225722
-246.0,256,8.544074
-227.0,256,8.544133
-227.0,256,8.56799
-247.0,256,8.600651
-99.70711,129,9.259018
0.98623335,8,9.310501
-238.0,256,9.846347
-249.0,256,9.846397
-248.0,256,9.867973
-248.0,256,10.51439
-232.0,256,11.021852
-233.0,256,11.021905
-235.0,256,11.044417
-232.0,256,11.703312
0.9901862,6,11.736989
-228.0,256,12.218246
-231.0,256,12.218301
-238.0,256,19.222058
0.9802742,11,19.261659
-240.0,256,19.867417
-241.0,256,20.354855
-235.0,256,20.376092
-247.0,256,20.417698
-241.0,256,21.068326
-234.0,256,21.577949
-242.0,256,21.598514
-246.0,256,21.64454
0.9822646,10,21.695513
-224.0,256,22.284056
-201.64096,224,22.741611
-228.0,256,22.794925
-235.0,256,22.818301
0.9901862,6,22.855246
-239.0,256,23.496864
-242.0,256,23.906427
-239.0,256,23.962512
-232.0,256,24.008551
0.98425096,9,24.053584
-228.0,256,24.663328
-233.0,256,25.237025
-235.0,256,25.305719
-232.0,256,25.427047
-238.0,256,26.081611
-241.0,256,26.55023
-227.0,256,26.611896
-237.0,256,26.69522
-235.0,256,27.333082
-247.0,256,27.736303
-213.0,256,27.791247
-224.0,256,27.874547
0.98623335,8,27.914991
-237.0,256,28.488998
-243.0,256,28.904906
-225.0,256,28.961835
-238.0,256,35.686998
-244.0,256,36.337464
-240.0,256,36.79308
-242.0,256,36.851247
-239.0,256,36.974843
-233.0,256,37.597308
-243.0,256,38.041304
-243.0,256,38.101387
-230.0,256,38.22498
-221.0,256,38.799952
-239.0,256,39.251403
-216.0,256,39.309258
-247.0,256,39.440723
-233.0,256,39.972954
-237.0,256,40.426343
-226.0,256,40.478574
-237.0,256,40.604232
-98.72349,123,41.046323
-0.99804497,2,41.063683
0.9762812,13,41.130195
-240.0,256,41.207184
-234.0,256,41.667969
-239.0,256,41.834582
0.9822646,10,41.882709
-224.0,256,42.546791
-238.0,256,42.630621
-229.0,256,43.088447
-239.0,256,43.319675
-225.0,256,43.807879
0.98425096,9,43.859182
-236.0,256,43.883953
0.99608606,3,43.904864
-226.0,256,44.314678
-244.0,256,44.538115
-226.0,256,45.088743
-223.0,256,45.130037
-173.534,184,45.45107
-221.0,256,45.581095
-218.0,256,53.318021
-218.0,256,53.355566
-0.9822646,10,53.37663
-226.0,256,53.692445
-232.0,256,53.843968
-245.0,256,54.590224
-239.0,256,54.610621
0.9901862,6,54.631756
-240.0,256,54.891152
-232.0,256,55.015029
-144.38445,160,55.355293
-225.0,256,55.840559
-233.0,256,56.16251
-233.0,256,56.286049
-245.0,256,56.654337
-240.0,256,57.130557
-244.0,256,57.504196
-246.0,256,57.649131
-234.0,256,57.998138
-226.0,256,58.41018
-97.2474,112,58.499458
-243.0,256,58.693474
-207.0,256,58.805934
-127.30123,132,59.390086
-243.0,256,59.550315
-209.0,256,59.640009
-234.0,256,59.838068
-0.9762812,13,59.900503
0.98623335,8,59.941965
-231.0,256,60.5318
-242.0,256,60.724042
-236.0,256,60.839934
-0.96824586,17,60.93574
-242.0,256,61.342639
-222.0,256,62.048612
-239.0,256,62.232813
-236.0,256,62.401186
-241.0,256,62.626516
-217.0,256,70.343283
-236.0,256,70.519464
-224.0,256,70.710451
-227.0,256,70.950649
-237.0,256,71.593621
-220.0,256,71.750384
-209.0,256,71.911831
-215.0,256,72.134423
-213.0,256,72.734863
-219.0,256,72.920859
-243.0,256,73.09918
-238.0,256,73.339928
-229.0,256,74.057268
-246.0,256,74.231028
-206.0,256,74.39833
-236.0,256,74.613809
-229.0,256,75.224081
-234.0,256,75.383129
-226.0,256,75.543629
-245.0,256,75.751361
-236.0,256,76.344905
-244.0,256,76.514348
-214.0,256,76.675732
-0.99608606,3,76.69675
-222.0,256,76.907751
-94.71807,125,77.298227
-241.0,256,77.572509
-240.0,256,77.743547
-240.0,256,78.132699
-130.625,157,109.120471
-241.0,256,109.225945
-218.0,256,109.589908
-0.9901862,6,109.645112
-232.0,256,110.324037
-238.0,256,117.833881
-236.0,256,117.881127
-220.0,256,118.324502
0.9802742,11,118.416667
-242.0,256,119.249513
-226.0,256,119.761755
-197.0,256,119.807516
-236.0,256,120.294613
-234.0,256,120.966182
-230.0,256,121.412751
-248.0,256,121.456872
-228.0,256,121.895454
-114.359566,152,122.415747
-228.0,256,122.624686
-221.0,256,123.145418
-229.0,256,123.732355
0.9702609,16,123.84563
-176.44194,207,123.896261
-211.0,256,124.399686
-225.0,256,124.88764
-235.0,256,125.453982
-217.0,256,125.510402
-222.0,256,126.043868
-234.0,256,126.552862
-234.0,256,127.097319
-242.0,256,127.141302
-221.0,256,127.639024
-229.0,256,128.163416
-210.0,256,128.755041
-233.0,256,128.800346
-234.0,256,129.307255
-228.0,256,129.804021
-221.0,256,130.453452
-239.0,256,130.513778
-235.0,256,131.027507
-241.0,256,138.183404
-238.0,256,138.691505
-224.0,256,138.772453
-233.0,256,139.261666
-226.0,256,139.732603
-236.0,256,140.244637
-224.0,256,140.295008
-215.0,256,140.76636
-214.0,256,141.254322
-233.0,256,141.790372
-227.0,256,141.840704
0.9722718,15,141.926345
0.98623335,8,141.976658
-239.0,256,142.353442
-233.0,256,142.904595
-227.0,256,143.472482
-229.0,256,143.648127
-210.0,256,143.978819
-0.9762812,13,144.063247
-0.9457966,28,144.253378
-233.0,256,144.491903
-236.0,256,144.997197
-236.0,256,145.188588
-237.0,256,145.778881
-214.0,256,146.030957
-126.670235,142,146.072234
-0.95606613,23,146.205725
-211.0,256,146.595681
-215.0,256,147.398444
-0.9702609,16,147.506893
-214.0,256,147.648296
-229.0,256,147.802654
-224.0,256,148.153425
-201.0,256,148.989909
-231.0,256,149.114059
-228.0,256,149.288539
-209.0,256,149.678679
-226.0,256,157.172433
-233.0,256,157.314009
0.9901862,6,157.361655
-228.0,256,157.496657
-212.0,256,157.852433
-208.0,256,158.708498
-0.99412334,4,158.735313
-230.0,256,158.871851
-217.0,256,159.007825
-213.0,256,159.380155
-222.0,256,160.208656
-210.0,256,160.352805
-234.0,256,160.523523
-226.0,256,160.887382
-217.0,256,161.762341
-224.0,256,161.966602
-228.0,256,162.100068
-222.0,256,162.461535
-216.0,256,163.331158
-228.0,256,163.513183
-230.0,256,163.640374
-210.0,256,163.995531
-211.0,256,164.861634
-224.0,256,165.025198
-220.0,256,165.160916
-0.9702609,16,165.267137
-233.0,256,165.539984
-194.0,256,166.48354
-219.0,256,166.637106
-0.99608606,3,166.658155
-207.0,256,166.886326
-229.0,256,167.15793
-226.0,256,168.037698
-245.0,256,168.202528
-223.0,256,168.402754
-183.0,256,168.689637
-210.0,256,176.026903
-224.0,256,176.189676
-228.0,256,176.392335
-201.0,256,176.646206
-179.0,256,177.527374
-214.0,256,177.703974
-213.0,256,177.900215
-208.0,256,178.160217
-196.0,256,179.087911
-224.0,256,179.257991
-207.0,256,179.470496
-222.0,256,179.790031
-196.0,256,180.638203
-227.0,256,180.793417
-215.0,256,181.010653
-231.0,256,181.280749
-233.0,256,182.216413
-189.0,256,182.421416
-217.0,256,182.656728
-14.060419,31,182.840041
-210.0,256,182.925531
-202.0,256,183.796495
-212.0,256,183.991031
-208.0,256,184.408706
-204.0,256,184.505316
-0.94991773,26,184.653688
-200.0,256,185.446173
-197.0,256,185.616701
-219.0,256,185.999372
-203.0,256,186.256109
-181.0,256,187.013928
-204.0,256,187.196744
-227.0,256,187.730106
-187.35355,225,187.800423
-207.0,256,195.03961
0.97427857,14,195.11326
-222.0,256,195.190001
-183.0,256,195.546613
-216.0,256,195.604446
-198.0,256,196.49696
0.9762812,13,196.574815
-198.0,256,196.58558
-193.0,256,196.945259
-226.0,256,197.012469
-193.0,256,198.216223
-224.0,256,198.229284
-214.0,256,198.711828
-202.0,256,198.77442
-123.33856,145,199.71817
-181.0,256,199.998635
-221.0,256,200.014811
-201.0,256,200.461495
-203.0,256,201.289536
-235.0,256,201.57286
-197.0,256,201.595024
-213.0,256,202.016068
0.9822646,10,202.084354
0.99608606,3,202.114349
-195.0,256,202.799567
-210.0,256,203.078095
-210.0,256,203.088991
-199.0,256,203.671407
-200.0,256,204.511942
-190.0,256,234.46621
-216.0,256,234.486076
0.9437293,29,234.764007
-207.0,256,235.243863
-179.0,256,236.357972
-170.0,256,236.67401
-0.9802742,11,236.759697
-192.0,256,236.871702
-202.0,256,237.357471
-197.0,256,245.239954
-224.0,256,245.637283
-221.0,256,245.755781
-160.0,256,246.174341
-210.0,256,247.059526
0.9601432,21,247.225393
-129.59947,165,247.378527
-220.0,256,247.508072
-200.0,256,247.641374
-80.20206,94,248.209133
-192.0,256,249.324747
-204.0,256,249.510116
-208.0,256,249.76763
-186.0,256,250.434787
-206.0,256,251.48245
-0.9802742,11,251.569351
-191.0,256,251.650404
-173.0,256,251.882873
-206.0,256,252.432316
-226.0,256,253.343937
-211.0,256,253.420004
-190.0,256,253.609196
-19.120546,59,253.793178
-201.0,256,254.116655
0.9437293,29,254.309356
-208.0,256,255.047797
-206.0,256,255.309737
-208.0,256,255.511647
-221.0,256,255.984477
-190.0,256,256.671135
-177.0,256,256.924212
-201.0,256,257.108436
-0.9540211,24,257.260471
-0.98425096,9,257.334012
-211.0,256,257.668401
-0.97427857,14,257.78431
0.9802742,11,257.865699
-200.0,256,258.429968
-221.0,256,258.706018
-196.0,256,259.13818
-200.0,256,259.621935
-1.9682459,17,259.764752
-212.0,256,266.624247
-212.0,256,266.932766
-0.013766635,8,266.988723
-216.0,256,267.331869
-196.0,256,267.88311
-214.0,256,268.380374
-202.0,256,268.733663
-199.0,256,269.09899
-212.0,256,269.664924
-199.0,256,270.121589
-202.0,256,270.466225
-190.0,256,270.865037
-212.0,256,271.52899
-225.0,256,271.96902
-213.0,256,272.30209
-210.0,256,272.694645
-188.0,256,273.44396
0.9822646,10,273.53368
-221.0,256,273.926062
-190.0,256,274.262522
-88.74739,114,274.327309
-219.0,256,274.637538
-81.25261,114,275.077706
-196.0,256,275.683738
-199.0,256,276.041218
-202.0,256,276.371469
-201.0,256,276.857252
-173.0,256,277.572139
-220.0,256,278.156631
-204.0,256,278.501049
-207.0,256,278.973751
-206.0,256,279.71151
-216.0,256,280.092835
-211.0,256,280.417621
-197.0,256,280.802485
-202.0,256,287.897274
-184.0,256,288.329473
-217.0,256,288.668701
-212.0,256,289.135585
-177.0,256,289.896752
0.93332404,34,290.166507
-168.0,256,290.326327
-0.99608606,3,290.356969
-134.65767,227,290.450194
-207.0,256,291.155921
-199.0,256,292.090387
-181.0,256,292.294197
-211.0,256,292.421892
-212.0,256,293.130487
-206.0,256,294.100895
-0.9601432,21,294.29268
-209.0,256,294.335172
-176.0,256,294.437711
0.903552,48,294.633931
0.9270248,37,294.919411
-191.0,256,295.085977
-189.0,256,296.13072
-186.0,256,296.227078
-188.0,256,296.741354
-194.0,256,296.929816
-191.0,256,298.067531
-176.0,256,298.17009
0.95606613,23,298.247178
-180.0,256,298.665248
-177.0,256,298.830817
0.9375,32,299.072191
-166.0,256,300.021127
-196.0,256,300.102242
-163.0,256,300.507749
-210.0,256,300.889851
-180.0,256,301.785018
-205.0,256,301.861974
-194.0,256,302.250337
-201.0,256,302.627868
-101.27382,122,309.802132
-201.0,256,309.901277
-165.0,256,309.977601
-189.0,256,310.377491
-180.0,256,311.616192
-189.0,256,311.710631
-232.0,256,311.792287
0.9722718,15,311.843691
-194.0,256,312.217136
0.9901862,6,312.266688
0.9762812,13,312.365888
-191.0,256,313.560513
-176.0,256,313.740549
-200.0,256,313.78596
-210.0,256,314.32996
-175.0,256,315.45877
-202.0,256,315.649626
-204.0,256,315.693662
-214.0,256,316.236836
-217.0,256,317.454933
-208.0,256,317.616592
-170.0,256,317.672271
-198.0,256,318.1713
-214.0,256,319.408848
-0.9901862,6,319.461953
-193.0,256,319.593776
-172.0,256,319.641033
0.96824586,17,319.778078
-193.0,256,320.165457
-197.0,256,321.438145
-200.0,256,321.556459
-197.0,256,321.723619
-182.0,256,322.140481
-178.0,256,323.333082
-1.970261,16,323.462118
-166.0,256,323.462177
-212.0,256,323.642275
-209.0,256,324.052847
-140.0,256,331.527102
-158.0,256,331.52718
-187.0,256,331.660381
-198.0,256,331.961962
-170.0,256,333.058701
-190.0,256,333.058772
-0.02172026,12,333.126175
-195.0,256,333.193915
-195.0,256,333.505758
-167.0,256,334.636646
-177.0,256,334.796495
0.96824586,17,334.834108
-207.0,256,334.875397
0.9702609,16,334.978574
-170.0,256,335.208849
-134.45157,180,335.965219
-167.0,256,336.497917
-208.0,256,336.62837
-179.0,256,336.886688
-165.0,256,337.702734
-187.0,256,338.205578
-179.0,256,338.351964
0.98425096,9,338.416497
-0.9802742,11,338.481654
-178.0,256,338.598528
-126.39529,217,339.110424
-110.42718,173,368.12598
-185.0,256,368.824795
-154.0,256,368.94056
-189.0,256,369.365724
-186.0,256,369.583287
-0.9662266,18,369.702736
-178.0,256,370.339939
-182.0,256,370.467625
0.98821175,7,370.533743
-0.93958104,31,370.576321
0.96824586,17,370.686766
-205.0,256,370.96962
-152.0,256,371.330443
-178.0,256,372.149207
-199.0,256,372.303327
-0.9822646,10,378.923215
-155.0,256,379.120348
-188.0,256,379.432438
-171.0,256,380.081392
-171.0,256,380.258207
-173.0,256,380.453589
-187.0,256,380.744736
0.99412334,4,380.769118
-189.0,256,381.410632
-158.0,256,381.624012
-94.40052,165,381.656339
-137.0,256,381.861793
0.99608606,3,381.890135
-158.0,256,382.940922
-171.0,256,383.127001
-170.0,256,383.160473
-170.0,256,383.346514
-200.0,256,384.41573
-174.38017,220,384.434294
-0.9901862,6,384.462563
-145.0,256,384.616294
-178.0,256,384.845694
-136.875,253,385.828609
-159.0,256,385.875625
-190.0,256,386.031084
0.9802742,11,386.112281
-184.0,256,386.307765
-51.70986,128,386.645807
-153.0,256,387.408943
-175.0,256,387.631394
-204.0,256,387.79637
-165.0,256,388.091728
-168.0,256,388.864923
-207.0,256,389.073638
-0.97427857,14,389.170025
-182.0,256,389.283481
-198.0,256,389.626882
-141.0,256,390.425001
-171.0,256,397.282544
-174.0,256,397.384717
-0.9662266,18,397.512783
-183.0,256,397.774859
-165.0,256,398.741127
-169.0,256,399.145127
-93.45928,203,399.269188
-154.0,256,399.392664
-173.0,256,400.603619
-163.0,256,400.991117
-188.0,256,401.134101
-1.0439339,23,401.195164
-188.0,256,401.291883
-27.852386,71,401.81198
-158.0,256,402.472076
-54.455006,204,402.591268
0.92280143,39,402.891305
-169.0,256,403.034561
-166.0,256,403.647037
-179.0,256,404.495913
-112.0,256,404.916548
-167.0,256,405.079068
0.9581069,22,405.100973
-178.0,256,405.766157
-163.0,256,406.533635
-173.32475,230,406.900334
-178.0,256,407.101477
-143.0,256,407.683158
-113.0,256,408.412983
0.9121575,44,408.754019
-152.0,256,408.799098
-166.0,256,409.005848
-176.0,256,409.615963
-172.0,256,410.637108
-189.0,256,410.730069
-167.0,256,410.953329
-129.0,256,411.527768
-162.0,256,419.281112
-135.0,256,419.318587
-167.0,256,419.526368
-203.0,256,420.089723
-98.0,256,421.15711
-131.0,256,421.202145
-75.0,256,421.42682
-0.96217525,20,421.588238
-21.116116,57,421.62669
-0.9540211,24,421.769217
-111.0,256,422.043039
-123.0,256,423.130551
-0.9601432,21,423.293125
-136.0,256,423.538215
-119.0,256,423.691749
-169.0,256,423.941625
0.93958104,31,424.169959
-140.0,256,425.23729
-80.0,256,425.480586
0.9702609,16,425.619616
-147.0,256,425.656347
-0.99608606,3,425.684014
0.97827977,12,425.793125
0.97427857,14,425.919613
-143.0,256,426.170656
-188.0,256,427.265983
-153.0,256,427.641315
-147.0,256,427.87484
-144.0,256,428.142979
-10.209431,97,428.894709
-129.0,256,429.216685
-83.0,256,429.576022
-103.0,256,429.827497
-56.309666,135,429.932179
-105.0,256,431.134864
-145.0,256,431.489666
-152.0,256,431.731482
-88.0,256,431.82811
-103.0,256,433.040669
-102.0,256,433.4185
-164.0,256,433.698887
-131.0,256,433.815836
-167.0,256,441.542593
-141.0,256,441.833418
-177.0,256,442.043071
-183.0,256,442.133958
-0.8904879,54,442.432807
-143.0,256,443.231885
-140.0,256,443.532972
-185.0,256,443.829211
0.93122905,35,444.040891
-101.0,256,444.077264
-134.0,256,444.893388
-119.0,256,445.175977
-111.0,256,445.677807
-140.0,256,445.724176
-140.0,256,446.467311
-125.0,256,446.788614
-140.0,256,447.290146
-110.0,256,447.333089
-0.9457966,28,447.512053
-97.44194,207,447.830298
-93.0,256,448.467388
-131.0,256,449.049718
-99.0,256,449.245529
-163.0,256,449.534507
-0.903552,48,449.564099
-107.0,256,450.110587
-55.0,256,450.576537
-129.0,256,451.180404
-133.0,256,451.215675
-0.9078649,46,451.530042
0.97827977,12,451.619848
-123.0,256,451.874894
-173.0,256,452.356059
-122.0,256,452.858199
-66.576225,172,452.912686
-127.0,256,453.213178
-81.0,256,453.979584
-148.0,256,461.055139
-99.0,256,461.118184
-0.93958104,31,461.262209
-124.0,256,461.434153
0.8772293,60,461.579093
0.85238636,71,462.05538
-115.0,256,462.275221
-0.89267856,53,462.399827
-129.0,256,462.970604
-95.0,256,463.117002
-0.9013878,49,463.409704
-65.0,256,463.844978
-119.0,256,463.979702
-104.0,256,464.561889
-56.0,256,465.002568
-149.0,256,465.446363
-105.0,256,465.570302
-91.0,256,466.16902
-0.903552,48,466.464144
-76.0,256,466.618915
-0.97827977,12,466.695869
-90.0,256,467.085401
-110.0,256,467.202882
-0.8904879,54,467.420492
-0.95197165,25,467.582025
-120.0,256,497.860492
-85.0,256,498.168161
0.9078649,46,498.552496
-85.0,256,498.771873
-86.0,256,499.224206
-75.0,256,499.853575
-74.0,256,500.509723
-172.0,256,500.753278
-0.007843259,5,500.80354
-0.9354144,33,501.059781
-154.0,256,501.258478
-92.0,256,501.96487
-67.0,256,502.736164
-150.0,256,503.399966
-193.0,256,503.595516
-52.0,256,504.292711
-141.0,256,505.003131
-157.0,256,505.60272
-139.84691,251,505.753835
-0.9375,32,512.94298
-111.0,256,513.603115
-83.40019,216,513.938883
-70.0,256,514.895407
-75.0,256,515.012878
-116.0,256,515.584111
-104.0,256,515.941231
-116.0,256,516.912252
-119.0,256,517.029698
-73.0,256,517.646122
-133.0,256,517.980095
-71.534,184,518.41018
-144.0,256,519.087833
-124.0,256,519.662213
-129.0,256,520.009328
-144.0,256,520.421389
-112.0,256,521.115263
-131.0,256,521.715469
-89.0,256,522.073686
-134.0,256,522.499984
-98.0,256,523.192916
-124.0,256,523.725086
-69.0,256,524.089366
-120.0,256,524.621706
-71.0,256,525.356592
-61.0,256,525.912887
-126.0,256,526.246544
-109.0,256,526.719633
-94.0,256,527.38512
-113.0,256,527.923536
-73.0,256,528.280341
-97.0,256,528.712545
0.903552,48,529.08021
0.96217525,20,529.269249
-117.0,256,536.580119
-127.0,256,537.202023
-59.0,256,537.619226
-107.0,256,538.684665
-129.0,256,538.846619
0.9702609,16,539.001514
-90.0,256,539.535246
-77.0,256,539.923218
-67.0,256,540.973725
-109.0,256,541.328092
-15.077199,39,541.667825
-40.0,256,541.81158
-80.0,256,542.176974
0.7680129,106,543.09313
-118.0,256,543.228455
-53.0,256,543.854394
-37.0,256,544.009505
0.881671,58,544.364311
-0.98425096,9,544.461442
-50.0,256,545.309301
-123.0,256,545.462091
-75.0,256,546.370153
-96.0,256,546.810987
0.9437293,29,547.069356
-83.0,256,547.672273
-54.0,256,547.853923
-0.96217525,20,548.010846
-66.0,256,548.678375
0.97827977,12,548.791253
-0.9457966,28,549.030171
-44.0,256,549.394383
-102.0,256,550.06815
0.9354144,33,550.356922
-57.0,256,550.398071
-43.0,256,551.3462
-77.0,256,551.656018
0.9581069,22,551.841509
-1.1568289,75,552.474804
-101.0,256,552.53364
-61.0,256,552.565512
-87.0,256,553.481746
-119.0,256,554.651884
-114.0,256,561.471373
-124.0,256,561.500484
-44.0,256,562.421087
-58.49611,192,563.0954
-27.0,256,563.571123
-80.0,256,563.632561
-105.0,256,564.579689
-58.0,256,565.299085
-66.0,256,565.811055
-90.0,256,565.890082
-16.82206,84,566.639355
-41.0,256,566.971351
-20.744774,115,566.989795
-0.98821175,7,567.06372
-1.933324,34,567.364117
-0.05834255,30,567.690314
-137.0,256,567.769096
-0.90571105,47,568.101367
0.93122905,35,568.439236
-40.0,256,569.020766
-58.0,256,569.401403
-64.0,256,570.165215
0.95606613,23,570.369276
0.9662266,18,570.524323
-107.0,256,570.816452
-60.0,256,571.346676
-80.0,256,571.636857
-0.8125,88,572.053513
-82.0,256,572.61978
-62.088387,255,572.882745
-86.0,256,573.703413
0.90571105,47,574.088352
-36.0,256,574.137428
-14.0,256,574.645679
-55.0,256,574.886788
0.903552,48,575.019108
0.9270248,37,575.335887
0.8838835,57,575.374041
-46.0,256,576.140344
-76.0,256,576.187209
-33.400196,216,577.037736
-13.0,256,577.362925
-76.526634,186,577.639727
-0.9164299,42,578.060094
-49.0,256,578.248746
-42.673145,141,586.35741
-89.0,256,586.421201
-60.0,256,586.823653
-72.54127,182,587.020977
-27.378134,158,587.88992
-142.0,256,588.876174
-66.0,256,589.296289
0.9121575,44,589.381928
-56.0,256,589.535138
-57.55806,207,589.99775
0.8385255,77,590.159421
-36.0,256,591.730459
-71.0,256,591.923335
-0.89921844,50,592.187078
-35.911613,255,592.338584
-0.96824586,17,592.505402
-51.0,256,592.526493
0.85009193,72,592.879573
-12.284655,126,593.779392
-0.8772293,60,594.308151
-57.0,256,594.384697
-41.0,256,594.872522
-50.0,256,595.149305
-0.94991773,26,595.376767
-18.621866,158,595.573643
-63.0,256,596.476541
-12.344495,147,596.838794
-0.89921844,50,596.921967
-53.0,256,597.005296
-48.0,256,597.594766
-14.646505,150,598.207143
-96.0,256,598.993679
-82.0,256,599.178326
-0.96420306,19,599.370959
-1.0625,32,599.87797
-60.0,256,599.998658
-60.0,256,600.650451
-16.75,113,600.878289
-25.332682,143,601.28736
-34.0,256,601.536471
-84.4375,208,602.567783
-0.9581069,22,602.804114
-0.96420306,19,602.966022
-22.0,256,603.232512
-40.53229,201,603.389001
-39.0,256,603.649207
-29.637377,153,604.679347
-63.55806,207,604.923281
-26.32396,140,605.009368
0.9270248,37,612.284502
-81.0,256,612.763136
-19.25,113,613.281091
-49.369755,222,613.722784
-0.875,61,613.906583
-14.0,256,614.195137
0.8408515,76,614.493838
-0.89921844,50,614.920059
-14.0,256,614.99961
-43.0,256,615.822963
-20.290136,128,615.962806
-63.0,256,616.290072
-1.9100138,45,616.666392
-45.0,256,617.15667
-0.9822646,10,617.241077
0.9457966,28,617.456317
-45.0,256,618.008063
-49.0,256,618.20032
-29.875,253,618.936154
-32.726185,122,619.312777
-42.0,256,648.161584
0.95197165,25,648.360437
-73.0,256,648.710791
-4.850092,72,649.298523
-44.484123,197,649.382596
-40.0,256,649.512617
0.9270248,37,649.67338
-23.0,256,650.420088
0.9822646,10,650.501418
-72.0,256,651.181558
-18.0,256,651.339775
-2.9228015,39,651.419344
-60.0,256,651.463063
0.91001374,45,651.713979
0.85467464,70,651.846048
0.82205915,84,651.857874
-17.0,256,652.171691
0.61871845,159,652.881753
-79.0,256,653.504374
-75.0,256,653.62742
-58.0,256,653.908341
-0.95197165,25,654.092005
-54.0,256,654.678448
0.81009257,89,654.693106
-1.9762812,13,654.77567
-0.9662266,18,654.890792
-58.0,256,655.193301
0.8705243,63,655.302344
-42.0,256,655.334252
-25.81968,85,655.899708
-0.9601432,21,656.05115
-47.347984,226,656.220837
-64.0,256,663.216868
-26.0,256,663.323391
-0.92280143,39,663.617854
0.96217525,20,663.771289
-41.24206,242,664.113455
-63.108253,254,664.352333
-17.713589,236,664.9534
-87.0,256,665.548925
-47.0,256,665.760298
-30.0,256,665.980918
-28.434038,175,666.037839
0.6731456,141,666.954497
-71.0,256,667.218683
-23.0,256,667.462081
-64.0,256,667.803632
-0.92491555,38,668.050687
0.9702609,16,668.174032
-10.0,256,668.744408
-36.0,256,669.142679
-1.9802742,11,669.234041
-19.0,256,669.442623
0.85695684,69,669.926504
-37.225346,244,670.041542
-39.480072,198,670.640144
-21.0,256,670.667295
-11.338562,145,670.904972
0.9291293,36,671.110376
-0.98821175,7,671.168162
-2.7071068,129,671.441498
0.96420306,19,671.549786
-16.0,256,671.685393
-0.9901862,6,671.724771
-16.0,256,672.240304
-58.0,256,672.782944
0.8267973,82,672.800758
-23.462355,183,672.914368
-27.0,256,673.204253
-20.637377,153,673.813598
-0.9540211,24,673.974996
-11.0,256,674.430007
-25.0,256,674.538046
0.7905694,97,674.551016
-44.0,256,674.844121
-18.757772,110,675.269939
0.9354144,33,675.483417
-91.0,256,676.141722
-37.0,256,676.262369
-32.0,256,682.843511
-0.85467464,70,682.886252
0.81009257,89,683.121196
-1.8125,88,683.47827
-27.0,256,683.510835
0.9722718,15,683.618578
-11.649519,149,684.511401
-16.0,256,684.610738
-26.0,256,684.895385
-18.883884,57,684.987196
0.7730823,104,685.223861
0.99608606,3,685.249353
0.9802742,11,685.318373
-27.861504,67,685.357215
-27.0,256,685.38704
-0.881671,58,685.401807
-0.96824586,17,685.50368
0.881671,58,685.897817
0.7730823,104,686.187618
-9.0,256,687.328992
-30.0,256,687.429601
-0.035796963,19,687.586557
-23.0,256,687.759773
-33.0,256,688.028107
-0.6614378,145,689.06889
-79.0,256,689.195932
-18.0,256,689.433576
-0.91429615,43,689.518563
-2.8705242,63,689.566856
-10.0,256,689.655084
-13.881671,58,689.996632
-0.85467464,70,690.017537
-0.9762812,13,690.102666
-0.7315437,120,690.963572
-35.619827,220,691.177433
-44.0,256,691.492407
0.0,256,691.773576
-30.571522,210,692.445106
-58.0,256,693.096686
-33.0,256,693.478788
-0.93958104,31,693.696168
-0.8125,88,693.770318
-5.0,256,693.799903
-19.0,256,694.434526
-1.2396547,109,694.596325
0.84779125,73,695.083952
-34.67524,230,695.345056
-58.742306,240,695.475106
-46.0,256,696.211612
0.0,256,696.917116
-6.0,256,697.147023
-40.0,256,697.305605
-0.8315084,80,697.488744
-23.0,256,704.668685
-29.589624,168,705.110977
-17.0,256,705.593295
-27.0,256,705.901983
-42.0,256,706.437116
-23.0,256,706.858881
-29.0,256,707.354615
-16.440983,177,707.661454
-26.0,256,707.661511
-15.107322,53,708.0887
0.9802742,11,708.195677
0.72078514,124,708.670947
-41.0,256,708.816543
0.90571105,47,709.009445
0.97827977,12,709.100745
-9.0,256,709.293084
-9.12277,60,709.51884
-18.0,256,710.140396
-21.515388,189,710.224292
-23.0,256,711.218326
-38.0,256,711.460289
-0.94991773,26,711.638442
0.89704376,51,712.190759
-71.0,256,712.190826
-20.0,256,712.296757
-0.98425096,9,712.374986
-39.336575,228,713.171326
-1.6987712,132,713.396631
0.92280143,39,713.436807
-23.0,256,714.147009
-34.0,256,714.147068
-0.89267856,53,714.510561
-9.0,256,715.227155
-17.0,256,715.277503
-24.0,256,715.888771
-25.0,256,716.28603
-59.4306,174,716.444791
-0.93958104,31,716.686172
-82.0,256,717.244944
0.8660254,65,717.311758
-3.1899073,89,718.037846
-36.0,256,718.037934
-0.92491555,38,718.345132
-36.0,256,718.508543
-0.9013878,49,718.767612
-28.0,256,719.274188
-11.252608,114,719.345543
-0.8637672,66,726.636624
-28.0,256,726.79765
-12.0,256,727.423191
-12.0,256,727.902115
-33.0,256,728.39637
0.8267973,82,728.443136
-13.0,256,728.564464
-0.8882919,55,728.817805
-26.0,256,729.209649
-0.69033504,135,729.611929
-14.0,256,730.542725
-9.515877,197,730.935044
-21.0,256,731.023868
0.99412334,4,731.058198
0.7930361,96,731.269257
-45.0,256,731.782219
-15.0,256,732.799789
-28.0,256,732.909082
-17.0,256,733.116284
0.8838835,57,733.196483
-9.614724,219,733.283537
0.9121575,44,733.409569
0.88609046,56,733.7963
-11.1851,87,733.872974
-18.0,256,734.592453
-6.0,256,734.857094
0.85695684,69,735.024697
-26.475986,199,735.141628
-34.0,256,735.479304
-0.875,61,735.616194
-0.7315437,120,735.754019
-27.0,256,737.152141
-12.477087,187,737.338801
-0.8772293,60,737.606137
-51.0,256,737.624197
-31.0,256,737.725176
0.9478594,27,737.912421
-15.290136,128,738.897484
-8.0,256,739.246433
-37.0,256,739.474294
-37.0,256,739.48942
0.92280143,39,739.746608
-17.335615,144,740.2075
-28.0,256,740.751656
0.91429615,43,741.110078
-27.0,256,741.419316
-18.0,256,741.723739
-10.805256,91,748.509553
-0.96420306,19,748.559412
0.89486384,52,748.870836
0.0,256,748.933525
-0.881671,58,749.275377
0.8315084,80,749.778106
-23.0,256,749.894502
-47.0,256,750.270865
-45.0,256,750.587693
-0.8244316,83,750.812422
-23.0,256,751.465415
-23.197643,247,751.512367
-0.88609046,56,751.850224
-5.1007814,50,752.201703
-16.0,256,752.343792
-13.0,256,752.567165
0.96217525,20,781.454812
-9.822059,84,781.883037
-12.0,256,781.897727
-17.0,256,782.530585
0.98821175,7,782.571139
-0.9901862,6,782.610801
-10.0,256,782.641384
-17.30403,133,782.736502
-17.0,256,783.572306
-12.375,157,783.773483
-17.0,256,784.308398
-8.2578535,116,784.341866
-12.0,256,784.368471
-0.98425096,9,784.422602
0.96824586,17,784.519144
-0.92491555,38,784.726815
0.8244316,83,785.298129
-0.94991773,26,785.490554
-9.0,256,785.63389
0.96217525,20,785.647961
-17.484612,189,785.723548
0.9702609,16,785.766836
-0.875,61,786.122169
-24.0,256,786.35012
0.7905694,97,786.998143
0.6817945,138,787.10703
-28.0,256,787.422645
0.0,256,787.583173
-3.8660254,65,787.606672
-12.234534,107,788.401313
-16.0,256,788.851509
-15.8125,248,789.163486
-4.0,256,789.32101
0.9206825,40,789.40904
-12.0,256,790.041582
-22.0,256,790.504864
0.9601432,21,790.651641
-34.698772,132,790.881258
-36.0,256,790.995304
-17.0,256,797.492271
-0.9354144,33,797.759179
-0.8052562,91,797.948178
-0.89704376,51,798.095174
-1.788095,98,798.106117
-19.59948,165,798.17696
-7.231987,106,798.759351
-0.6614378,145,799.047161
-0.85923296,68,799.461689
-8.0,256,799.513949
-3.0,256,799.666454
-0.42389563,211,800.049255
-6.3012285,132,800.317672
0.85238636,71,800.606479
-0.875,61,801.047875
-19.0,256,801.277848
-1.0,256,801.453321
-8.852386,71,801.902001
-18.0,256,802.109014
-0.85009193,72,802.46743
-10.0,256,802.800182
-4.3125,232,802.894073
0.8660254,65,803.227828
-8.326855,141,803.480184
0.881671,58,803.742744
0.0,256,804.017576
-8.273815,122,804.384527
-17.0,256,804.776785
0.0,256,805.500031
0.99215674,5,805.535018
-0.74477345,115,805.546869
-0.9601432,21,805.693133
0.0,256,805.782606
-10.0,256,806.155528
-16.0,256,807.332624
-6.0,256,807.477851
0.0,256,807.567598
-29.0,256,807.884926
-0.7577722,110,808.042759
-0.36878094,155,809.065811
-9.0,256,809.37732
-2.0,256,809.484808
0.8705243,63,809.858849
0.0,256,810.058844
-13.0,256,810.953065
-7.0,256,811.250571
-12.0,256,811.626183
-13.0,256,818.223656
0.95197165,25,818.384709
-0.96217525,20,818.510603
-2.5448623,181,818.859033
-16.0,256,819.019673
-0.8172935,86,819.566433
-8.0,256,819.705254
-1.0,256,820.310132
0.0,256,820.732884
-0.67023784,142,820.823218
-0.9822646,10,820.910785
-4.6047153,217,821.232541
0.6789238,139,821.283472
0.92280143,39,821.485651
0.91001374,45,821.567357
0.9722718,15,821.599166
0.7421464,116,821.676479
-20.0,256,822.542804
-0.8838835,57,822.940723
-14.0,256,823.362583
-18.0,256,823.393497
0.0,256,823.464915
-8.0,256,824.523808
0.9722718,15,824.624493
-2.0,256,824.922795
-14.0,256,824.946542
-10.0,256,825.023594
-0.7930361,96,825.226836
-0.8267973,82,825.589498
-6.669281,229,826.573389
-19.0,256,826.747047
-0.93958104,31,826.803527
-22.0,256,827.049727
-0.8385255,77,827.236934
-6.0,256,827.375213
0.0,256,828.437583
-5.0,256,828.651087
-5.3479853,226,828.809189
-23.0,256,828.897493
0.9164299,42,829.193227
-0.76034534,109,829.882586
-38.0,256,830.130574
-5.0,256,830.437146
-0.89267856,53,830.591487
-6.0,256,830.64907
-2.9702609,16,830.731156
-0.9802742,11,830.820473
0.9291293,36,831.111395
-8.0,256,831.923214
0.96420306,19,832.064457
-18.70026,234,838.816349
0.0,256,838.827232
0.96420306,19,838.956458
-0.7930361,96,839.117696
-6.0,256,839.348501
0.76034534,109,839.86843
-1.3307189,229,840.408854
0.0,256,840.701398
-8.0,256,841.109893
0.60596,163,841.466959
0.0,256,841.575212
0.7043392,130,842.339199
-1.0,256,842.401692
0.8838835,57,842.823835
-11.0,256,842.848418
-0.85923296,68,842.848478
0.0,256,843.317243
0.0,256,844.731316
-6.0,256,844.765026
0.0,256,844.765082
-21.279509,237,845.192979
0.788095,98,845.463136
-1.0,256,846.457797
0.0,256,846.477185
0.89921844,50,846.768282
-6.0,256,846.815257
-0.92280143,39,847.109763
-0.7979466,94,847.124867
0.0,256,847.151578
0.9702609,16,847.242042
-2.6846533,137,848.051512
-0.625,157,848.261202
0.0,256,848.536626
0.0,256,848.832075
0.0,256,849.770197
-1.0,256,849.966398
-0.8705243,63,850.17956
-0.9354144,33,850.19124
0.0,256,850.219533
0.0,256,850.548304
-0.7180703,125,851.034524
0.3423266,227,851.854091
0.47598583,199,852.052445
0.0,256,852.1601
0.0,256,859.662965
0.96217525,20,859.78271
0.35355338,225,860.126924
-0.881671,58,860.212663
0.0,256,860.567135
0.0,256,860.632636
0.82205915,84,860.780841
-0.9762812,13,860.864654
0.71260965,127,861.127154
0.9078649,46,861.181535
0.9078649,46,861.439991
-8.847792,73,861.909215
0.0,256,862.341335
0.0,256,862.400527
0.9270248,37,862.626544
0.7730823,104,862.626614
0.0,256,862.870356
0.84779125,73,863.326825
-0.93332404,34,863.547221
0.0,256,863.982965
0.0,256,864.298059
-5.0,256,864.298117
-0.84779125,73,864.476355
-7.0,256,865.368702
0.9164299,42,865.651084
-1.0,256,866.096287
-8.0,256,866.096346
-0.8315084,80,866.195013
-3.0,256,866.269587
-1.933324,34,866.509239
-0.872765,62,866.530157
-0.8172935,86,867.024129
-0.8172935,86,867.554575
-33.0,256,867.743815
-3.0,256,867.831438
0.0,256,868.145828
-0.5448624,181,868.76724
0.9457966,28,868.959197
0.0,256,869.43617
0.0,256,869.531246
0.0,256,869.834165
-0.833854,79,870.368621
-8.0,256,870.641601
0.7781187,102,871.012749
-7.0,256,871.125652
0.96420306,19,871.183855
-7.0,256,871.254611
0.9375,32,871.376997
-0.9291293,36,871.498668
-0.9078649,46,871.697888
-0.9270248,37,871.761068
-0.60917467,162,872.236109
0.0,256,872.349791
-0.40019527,216,873.057755
0.0,256,879.911864
-0.7421464,116,880.310407
-14.0,256,880.427049
0.0,256,880.543204
-0.9375,32,880.653627
0.6343057,154,881.434189
-1.0,256,881.684074
0.8660254,65,881.876143
0.0,256,910.703623
0.0,256,910.788367
-0.85695684,69,911.258336
0.0,256,911.754054
0.0,256,912.011652
-0.64043444,152,912.341415
0.0,256,912.471221
0.0,256,913.626708
0.0,256,913.820227
0.0,256,914.143273
0.0,256,914.270909
0.92280143,39,914.393813
-0.96420306,19,914.536282
0.0,103,914.968945
-0.045978904,24,915.125914
0.0,256,915.310497
0.0,256,915.519517
-0.872765,62,915.925826
-0.6643841,144,916.069706
0.0,256,916.234703
-0.8705243,63,916.352552
-0.8291562,81,916.901452
-3.0,256,917.068573
-0.93332404,34,917.182235
-1.0,256,917.861952
0.0,256,918.003761
-13.0,256,918.783338
0.0,256,918.886556
-0.6731456,141,918.941207
0.0,256,919.506808
-0.95606613,23,919.678069
0.9662266,18,919.799289
0.5340002,184,920.119253
0.0,256,920.548301
0.0,256,920.694245
0.77055174,105,920.896318
-0.9206825,40,921.011017
-0.6673174,143,921.612834
-0.98623335,8,921.677196
-5.0,256,921.706651
0.7551904,111,929.082602
0.6846532,137,929.277829
-11.0,256,929.368449
-1.0,256,929.499696
-0.8431711,75,929.763128
-4.2094307,97,929.954457
0.65550554,147,930.327401
0.0,256,930.685546
-0.88609046,56,931.011957
0.0,256,931.346584
0.0,256,931.550792
-2.0,256,931.982333
0.0,256,932.786223
0.0,256,933.116861
0.9822646,10,933.191067
0.0,256,933.38453
0.84779125,73,933.743407
0.0,256,933.857179
-0.8149003,87,934.019365
0.0,256,934.591661
-0.96420306,19,934.705078
0.6846532,137,934.767941
0.0,256,935.4547
-2.0,256,935.718721
-0.9437293,29,935.906377
-0.9375,32,936.108685
-0.9540211,24,936.318754
0.0,256,936.465776
0.9540211,24,936.49561
0.98821175,7,936.534608
0.0,256,936.546361
0.881671,58,936.892332
-0.8267973,82,937.118911
0.0,256,937.270325
-0.8196798,85,937.496917
-2.0,256,938.319305
0.9457966,28,938.488423
0.0,256,938.861266
0.0,256,939.024647
-2.0,256,939.288569
-0.6846532,137,940.019319
-1.4635124,202,940.342089
0.0,256,940.358902
-7.0,256,941.183243
-0.6846532,137,941.386043
0.7781187,102,941.838787
0.0,256,941.85118
0.0,256,942.150079
0.5153882,189,942.589929
-0.5694021,174,949.509719
0.903552,48,949.846816
-0.4635124,202,949.987331
0.0,256,950.095688
-0.89486384,52,950.227156
-0.87945294,59,950.425373
0.0,256,950.845068
0.81009257,89,951.615239
-0.5,193,951.676255
0.0,256,952.006452
0.0,256,952.362649
-0.8267973,82,952.614728
-0.6218671,158,952.769643
0.5694021,174,952.924272
-0.6760409,140,953.712267
0.9416574,30,953.928247
0.4800716,198,953.987466
0.0,256,954.14872
-0.80282706,92,954.587892
-0.85695684,69,954.647973
0.0,256,954.748436
0.836193,78,955.317242
0.0,256,955.790614
0.93122905,35,956.035019
-0.91429615,43,956.33795
-4.0,256,956.38195
0.0,256,956.429327
0.93122905,35,956.658349
-0.88609046,56,956.866356
0.8882919,55,957.112326
-9.0,256,957.157203
-0.80282706,92,957.708199
-0.99608606,3,957.733327
0.0,256,958.200994
-0.16535945,250,958.636551
-0.85923296,68,958.668403
0.0,256,958.957947
0.0,256,959.735642
0.0,256,960.649207
0.0,256,960.690535
-0.94991773,26,960.866629
0.0,256,960.966586
0.807678,90,961.339181
-3.0,256,961.573705
-0.9601432,21,961.738445
-0.96824586,17,961.857816
-0.5115845,190,962.282519
0.0,256,962.625437
-0.872765,62,963.150925
0.0,256,963.199305
0.0,256,963.790862
0.8244316,83,963.876191
0.0,256,964.330102
-0.60596,163,971.865081
0.0,256,972.027855
0.0,256,972.563937
0.7043392,130,972.789321
0.71260965,127,972.91555
-1.8125,248,972.931453
-0.95606613,23,972.974977
-0.9291293,36,973.219316
-0.90571105,47,973.288047
0.89267856,53,973.365986
0.55551213,178,973.808092
0.79549515,95,973.842849
0.7930361,96,974.462733
0.572822,173,974.515882
-0.63024503,222,974.762907
0.85238636,71,975.20739
0.35355338,225,975.326854
0.8244316,83,975.749103
0.0,256,976.139933
0.0,256,976.222411
0.7979466,94,976.866506
0.0,256,977.097974
0.9013878,49,977.478703
-1.0,256,977.61052
-0.5493061,205,977.655741
0.88609046,56,978.000486
0.94991773,26,978.174251
0.4635124,202,978.333918
-0.8682777,64,978.634317
0.0,256,979.298854
0.0,256,979.44035
0.0,256,980.083404
0.0,256,980.366097
0.9540211,24,980.571269
0.55551213,178,980.679553
-0.8772293,60,980.996114
-2.0,256,981.088596
-0.8904879,54,981.430703
0.34798527,226,981.75701
0.76546556,107,981.8654
0.6027282,164,981.886751
0.79549515,95,982.479691
0.7680129,106,982.673563
0.0,256,983.252675
0.48412293,197,983.280773
0.9702609,16,983.402857
0.85467464,70,984.061581
0.0,256,984.444934
0.0,256,984.625667
0.97827977,12,984.69866
0.0,256,985.230638
0.0,256,985.793354
0.4635124,202,992.251721
0.9901862,6,992.286761
-0.85923296,68,992.69137
0.0,256,992.847798
-0.89704376,51,993.000817
0.0,256,993.356417
0.0,256,993.905094
-0.80039054,93,993.920679
-0.85923296,68,994.384654
0.0,256,994.528846
0.0,256,994.68389
0.8315084,80,995.044094
-0.87945294,59,995.068728
0.35355338,225,995.470046
0.0,256,996.118235
-0.4677072,201,996.442523
0.0,256,996.848223
0.0,256,997.328794
-0.96824586,17,997.462264
0.0,256,998.203754
0.0,256,998.514282
0.0,256,998.931469
-0.8705243,63,999.012983
0.0,256,999.571457
-0.6643841,144,1000.161303
0.0,256,1000.26169
0.91855866,41,1000.510798
0.8904879,54,1000.678616
0.0,256,1001.016094
-0.836193,78,1001.030767
0.8052562,91,1001.282047
0.0,256,1001.500884
-0.96217525,20,1001.673348
-0.8385255,77,1001.871011
0.90571105,47,1002.211857
0.8385255,77,1002.24562
0.9478594,27,1002.48766
0.88609046,56,1002.978459
0.0,256,1003.055458
0.0,256,1003.068054
-0.5153882,189,1003.747545
-0.99608606,3,1003.777121
-0.7680129,106,1003.852395
-0.97427857,14,1003.955064
0.73420876,119,1004.621674
0.0,256,1004.864709
0.0,256,1004.935912
0.0,256,1005.878688
-0.881671,58,1006.368608
0.48412293,197,1006.514538
0.0,256,1006.66288
0.0,256,1006.903516
-0.9437293,29,1007.127215
0.85467464,70,1014.223453
-0.4800716,198,1014.638393
0.20728905,246,1014.713409
0.0,256,1014.891853
0.0,256,1044.215556
0.21650635,245,1044.541727
0.0,256,1044.66909
0.0,256,1044.814714
-0.8772293,60,1045.01126
0.80039054,93,1045.58926
0.0,256,1045.725641
0.4881406,196,1045.972242
0.98623335,8,1046.019702
0.0,256,1046.040781
0.9354144,33,1046.239264
0.0,256,1047.015649
0.0,256,1047.158366
0.0,256,1047.462121
0.0,256,1047.721989
-0.52663434,186,1048.127843
0.6731456,141,1048.33354
-0.75259966,112,1048.377518
0.92280143,39,1048.568611
0.0,256,1048.689533
0.8315084,80,1048.847764
0.8660254,65,1049.210891
0.0,256,1049.60137
0.0,256,1050.035481
0.0,256,1050.17116
-0.875,61,1050.422186
0.0,256,1050.725552
0.81009257,89,1050.941173
0.0,256,1051.143501
0.0,256,1051.683975
0.76546556,107,1051.752708
0.95606613,23,1051.914176
-0.3125,232,1052.077043
-0.9822646,10,1052.144152
-0.4506939,205,1052.155394
0.8196798,85,1052.209284
-1.9742786,14,1052.248804
0.89704376,51,1052.489788
0.9662266,18,1052.606445
-0.59292704,167,1053.243565
0.0,256,1053.444206
0.0,256,1053.731466
0.0,256,1054.101922
0.89486384,52,1054.391035
-0.44194174,207,1054.472759
0.49607837,194,1054.589927
0.88609046,56,1060.98578
0.0,256,1061.291926
-0.807678,90,1061.482575
0.0,256,1061.914183
0.0,256,1061.974711
-0.5,193,1062.561994
0.0,256,1062.739583
0.21650635,245,1063.43576
0.0,256,1063.447394
-0.6846532,137,1063.595353
0.4677072,201,1063.813018
0.7043392,130,1064.253198
-0.807678,90,1064.827132
0.0,256,1065.041807
0.16535945,250,1065.160281
0.8125,88,1065.359719
0.0,256,1065.421233
0.8172935,86,1065.71039
0.9078649,46,1065.724937
0.97827977,12,1065.785455
0.85923296,68,1065.804558
0.9164299,42,1066.034798
0.5484353,180,1066.150564
0.7153452,126,1066.507647
0.79549515,95,1066.59717
-0.95197165,25,1066.751436
-1.4284784,210,1066.981184
-0.8196798,85,1067.486116
0.0,256,1067.716652
0.91429615,43,1067.760969
0.97427857,14,1067.850102
-0.06667597,34,1068.044833
0.0,256,1068.115
0.0,256,1068.334181
0.89704376,51,1068.423695
0.6875,136,1069.28014
-0.10825317,254,1069.311081
-0.375,221,1069.438619
0.95197165,25,1069.578364
0.0,256,1069.910157
0.7234898,123,1070.008704
-0.6643841,144,1070.15984
0.85467464,70,1070.330502
-0.6027282,164,1070.978515
0.0,256,1071.102546
-0.86150306,67,1071.589805
0.0,256,1071.775049
0.0,256,1071.944514
0.7756046,103,1072.531148
0.0,256,1072.578662
-0.4375,208,1072.989877
0.0,256,1073.094987
-0.6027282,164,1079.700984
0.6931585,134,1079.953769
0.0,256,1080.244749
-0.8904879,54,1080.296201
0.78062475,101,1080.348078
0.93958104,31,1080.443996
0.0,256,1080.814884
0.95606613,23,1080.96196
-0.53764534,183,1081.494745
0.0,256,1081.767087
-3.0,256,1081.821086
-0.8172935,86,1082.327636
0.0,256,1082.415134
-0.4881406,196,1082.624479
-0.6281172,156,1082.692434
-0.788095,98,1082.933921
0.0,256,1083.924013
0.0,256,1084.157797
-0.875,253,1084.209776
0.0,256,1084.43043
-0.6931585,134,1084.734284
0.4098399,214,1085.443075
0.0,256,1085.733759
-0.8408515,76,1085.898719
0.0,256,1085.977532
0.40019527,216,1086.038985
0.9437293,29,1086.085868
-0.98425096,9,1086.101362
-0.8660254,65,1086.425667
-0.5484353,180,1086.862252
0.0,256,1087.55032
0.0,256,1087.567062
0.9457966,28,1087.710656
0.0,256,1087.794798
-0.89921844,50,1087.956321
0.0,256,1088.237026
0.77055174,105,1088.926449
0.0,256,1089.10356
0.0,256,1089.389972
0.85009193,72,1089.534085
0.0,256,1089.598193
0.5694021,174,1089.980752
0.57960117,171,1090.41933
-0.9121575,44,1090.708816
0.5484353,180,1091.05935
0.0,256,1091.06963
0.0,256,1091.127783
0.89704376,51,1091.444658
-0.9437293,29,1097.82585
-0.60917467,162,1098.271189
0.0,256,1098.43142
0.72618437,122,1098.549721
-2.0,256,1098.82443
-0.65550554,147,1099.341921
-0.7577722,110,1099.509454
-0.95197165,25,1099.664593
-1.0,256,1099.812966
0.4098399,214,1099.866291
0.9121575,44,1099.946851
-0.9762812,13,1099.961996
0.98425096,9,1100.017473
-0.6789238,139,1100.203641
0.572822,173,1101.260591
0.0,256,1101.417277
0.0,256,1101.539319
-2.0,256,1101.612256
0.872765,62,1101.908941
-0.98425096,9,1101.969724
-0.78062475,101,1102.057146
0.0,256,1102.839746
0.21650635,245,1103.094057
0.0,256,1103.548723
0.0,256,1103.627892
0.4800716,198,1104.083782
-0.7234898,123,1104.324089
0.85923296,68,1104.493967
0.9013878,49,1104.617208
-2.0,256,1104.701639
0.0,256,1105.164706
-0.6218671,158,1105.52299
0.55551213,178,1105.74613
0.0,256,1106.005473
-2.0,256,1106.727355
0.0,256,1107.084199
0.0,256,1107.2991
0.0,256,1107.578765
-0.84779125,73,1107.756235
-0.09428895,47,1108.028398
0.0,256,1108.279271
0.0,256,1108.685937
0.0,256,1109.172813
-0.95606613,23,1109.311646
0.0,256,1109.617472
-0.88609046,56,1109.665616
0.0,256,1109.91891
0.0,256,1116.457084
0.7551904,111,1116.497535
0.8149003,87,1116.604331
0.8052562,91,1117.157412
0.0,256,1117.443662
-0.5625,176,1117.603881
0.93122905,35,1117.677431
-0.35355338,225,1117.858795
0.85695684,69,1118.028663
-0.7930361,96,1118.632078
0.0,256,1118.77241
-0.646505,150,1118.79825
-0.9354144,33,1118.84376
-0.5153882,189,1118.856506
0.51916397,188,1119.92666
-0.9802742,11,1119.997884
-1.5407207,203,1120.036551
0.97827977,12,1120.078143
-0.9478594,27,1120.234992
0.0,256,1120.291921
0.0,256,1120.316723
-0.872765,62,1120.410813
0.9375,32,1120.485749
0.8772293,60,1120.867484
0.6875,136,1121.157664
0.0,256,1121.824179
-0.6931585,134,1121.972144
0.0,256,1121.994719
0.9013878,49,1122.276792
0.807678,90,1122.352525
0.0,256,1122.419256
-0.8660254,65,1122.817402
-0.79549515,95,1123.376479
0.0,256,1123.519052
0.31868872,231,1123.751492
-0.9078649,46,1123.786948
0.0,256,1123.833056
0.7979466,94,1123.967767
-0.94991773,26,1123.998711
-0.6789238,139,1124.574503
-2.6187184,159,1124.945873
0.0,256,1125.511871
0.0,256,1125.717084
0.85923296,68,1126.161486
0.0,256,1126.425183
0.0,256,1126.76678
0.75259966,112,1127.12509
0.0,256,1127.20214
-0.5,193,1127.404346
0.6614378,145,1127.698619
0.8682777,64,1128.109796
-0.96420306,19,1128.232063
0.53033006,185,1128.308441
-0.5484353,180,1128.566214
0.8454843,74,1156.987782
0.0,256,1157.046197
0.9662266,18,1157.121333
0.0,256,1164.387152
0.25,241,1164.59973
0.45927933,203,1164.710378
0.8882919,55,1164.930259
0.0,256,1164.968315
0.5448624,181,1165.478861
-9.565962,175,1166.011716
-0.9662266,18,1166.115265
0.0,256,1166.250766
0.87945294,59,1166.483577
0.0,256,1166.483643
0.89267856,53,1166.786206
-0.92280143,39,1167.001454
0.0,256,1167.001507
-0.6673174,143,1167.079826
0.97827977,12,1167.152121
0.0,256,1167.950467
-0.65251917,148,1168.016462
0.0,256,1168.516696
0.0,256,1168.516746
0.93958104,31,1168.708834
0.0,256,1169.47317
0.0,256,1169.53399
0.2576941,240,1169.911113
0.0,256,1170.205392
-0.2338536,243,1170.928895
0.0,256,1170.958401
0.0,256,1171.390059
0.0,256,1171.644551
0.90571105,47,1171.644611
-0.95606613,23,1171.783282
0.8149003,87,1172.143701
0.38017267,220,1172.208936
0.0,256,1172.386253
-0.90571105,47,1172.479922
-0.631219,155,1172.677704
-0.7421464,116,1172.837156
0.8291562,81,1173.191568
0.91001374,45,1173.436825
0.65251917,148,1173.71027
-0.8838835,57,1173.767133
0.25,241,1173.818765
0.0,256,1173.993252
0.8291562,81,1174.177485
-0.5484353,180,1174.957442
0.0,256,1175.541515
0.0,256,1175.799937
0.0,57,1175.923358
0.0,256,1176.017136
0.8149003,87,1183.126544
0.0,256,1183.453432
0.0,256,1184.090816
-0.9822646,10,1184.141749
0.0,256,1184.163418
0.0,256,1184.410396
-0.875,61,1184.424155
-0.9702609,16,1184.501439
-0.9581069,22,1184.527805
0.0,256,1184.713367
0.9013878,49,1184.747058
0.63737744,153,1184.882553
0.7930361,96,1185.17148
-0.36569428,154,1185.260239
0.0,256,1185.937419
0.0,256,1186.110975
0.0,256,1186.445783
0.0,256,1186.547142
0.559017,177,1186.912717
-0.8454843,74,1187.31914
0.0,256,1187.511455
0.0,256,1187.813244
0.0,256,1187.911599
-0.9901862,6,1187.952194
-0.85467464,70,1188.210835
-0.8315084,80,1188.632948
0.0,256,1188.68641
0.0,256,1188.888964
-0.8882919,55,1188.945763
0.0,256,1189.345929
0.95606613,23,1189.495574
-0.4330127,209,1189.838592
-0.80282706,92,1189.975419
0.0,256,1190.292241
0.0,256,1190.337854
0.9822646,10,1190.398247
-0.9270248,37,1190.505991
0.92491555,38,1190.72974
-0.4330127,209,1190.993393
0.0,256,1191.387802
0.61237246,161,1191.602473
-2.0,256,1191.809261
-0.649519,149,1191.809309
0.90571105,47,1192.067168
0.0,256,1192.787011
-0.9601432,21,1192.898394
0.0,256,1192.982667
-0.96217525,20,1193.011163
0.98821175,7,1193.05817
0.52663434,186,1193.093332
0.0,256,1193.217758
-0.93958104,31,1193.274165
-0.85238636,71,1193.407924
-0.8772293,60,1193.407983
0.0,26,1193.546401
-0.572822,173,1200.461057
0.0,256,1200.585294
0.0,256,1200.628268
0.0,256,1200.743714
0.9822646,10,1200.801015
-0.8772293,60,1200.929265
-0.89921844,50,1201.041454
-0.89921844,50,1201.293991
-0.6643841,144,1201.31059
-0.95197165,25,1201.422204
0.872765,62,1201.608354
0.92280143,39,1201.608418
0.0,256,1201.736823
-0.572822,173,1201.78975
-0.76546556,107,1202.308398
-1.3952847,217,1202.662793
-0.9601432,21,1202.766944
-0.9722718,15,1202.856001
0.0,256,1202.877352
0.0,256,1203.015997
0.93122905,35,1203.069103
0.6434769,151,1203.0877
0.9291293,36,1203.223456
0.7551904,111,1203.475389
0.4800716,198,1204.127224
0.9164299,42,1204.355356
0.0,256,1204.462972
-0.9662266,18,1204.568991
0.0,256,1204.609141
-0.02172026,12,1204.668707
0.0,256,1204.854737
0.15309311,251,1205.77986
-0.48412293,197,1205.779919
-0.4800716,198,1205.976289
0.0,256,1206.011645
-0.97427857,14,1206.072559
0.87945294,59,1206.131826
0.9078649,46,1206.401137
0.7315437,120,1206.780402
0.53033006,185,1206.873541
-0.7315437,120,1207.518408
0.0,256,1207.568941
0.9270248,37,1207.757967
0.0,256,1207.946702
0.0,256,1208.377512
-0.69033504,135,1208.686927
0.39031237,218,1208.978369
0.0,256,1209.022079
-0.5412659,182,1209.788382
0.0,256,1209.893481
0.0,256,1210.451557
0.0,256,1210.502788
-0.881671,58,1210.777128
0.0,256,1217.206845
0.0,256,1217.334661
0.9291293,36,1217.430926
0.81009257,89,1217.860807
-0.76034534,109,1217.879047
0.0,256,1217.903
0.0,256,1218.174458
-0.8315084,80,1218.313237
-0.93122905,35,1218.378144
-0.59292704,167,1218.833703
0.0,256,1219.284761
-0.5038911,192,1219.355757
-0.91429615,43,1219.538488
0.0,256,1219.779758
0.559017,177,1219.801859
0.95197165,25,1219.931414
0.95197165,25,1220.058926
-0.79549515,95,1220.285836
-0.6584784,146,1220.320056
0.87945294,59,1220.607766
-0.96420306,19,1220.708375
0.0,256,1220.758791
0.93332404,34,1220.9348
0.0,256,1221.451638
0.97427857,14,1221.537758
-0.30618623,233,1221.615528
0.572822,173,1221.694592
0.5484353,180,1221.946764
0.9702609,16,1222.035971
-0.8385255,77,1222.036019
-0.7730823,104,1222.234663
-0.6731456,141,1222.313905
-0.86150306,67,1222.404986
0.89921844,50,1222.530118
0.45500687,204,1223.121758
0.5,193,1223.348012
0.0,256,1223.75153
0.0,256,1223.871142
-0.8149003,87,1224.210427
0.0,256,1224.469495
0.0,256,1224.70471
-0.9013878,49,1224.952372
0.0,256,1225.217248
0.0,256,1225.55172
-0.91001374,45,1225.777662
0.0,256,1225.808707
-0.7315437,120,1225.846589
0.8838835,57,1226.13846
-0.84779125,73,1226.250391
0.0,256,1226.31404
-0.9013878,49,1226.573758
0.8705243,63,1226.909486
0.95197165,25,1227.042166
0.0,256,1227.169232
0.25,241,1227.422458
-0.9013878,49,1227.442359
0.94991773,26,1227.579118
0.0,256,1227.638173
0.7629097,108,1228.019771
0.0,256,1234.52863
-0.5659616,175,1234.615302
-0.94991773,26,1234.690258
-0.91429615,43,1234.927259
0.0,256,1235.120897
0.7577722,110,1235.225429
-0.80039054,93,1235.433912
0.0,256,1235.539186
0.9581069,22,1235.653036
-0.7831228,100,1235.680376
-0.89704376,51,1235.734077
-0.91001374,45,1235.934227
0.836193,78,1236.172112
0.9822646,10,1236.225213
0.79549515,95,1236.443991
-0.9116117,255,1236.692114
0.0,256,1237.144731
0.9601432,21,1237.259062
-0.17677669,249,1237.631649
0.0,256,1237.894826
-0.903552,48,1237.89488
0.72886896,121,1237.932879
0.0,256,1238.102861
-0.7153452,126,1238.581997
-0.96217525,20,1238.703193
0.6343057,154,1238.796882
-0.5229125,187,1238.935424
0.85923296,68,1239.128774
0.9581069,22,1239.243136
-0.73951,117,1239.31036
0.0,256,1239.488706
-0.59947896,165,1239.783414
0.49607837,194,1240.269117
0.788095,98,1240.311054
0.0,256,1240.669911
-0.29973948,234,1240.724459
-0.85467464,70,1241.113386
0.29973948,234,1241.530257
0.20728905,246,1241.636667
0.4635124,202,1241.770057
-0.85467464,70,1242.148384
0.0,256,1242.530612
0.9901862,6,1242.569709
-4.40984,214,1242.742343
0.0,256,1243.091001
0.8660254,65,1243.1281
-0.72078514,124,1243.278343
0.4098399,214,1243.397724
-0.8682777,64,1243.467209
0.9802742,11,1243.529375
-0.85695684,69,1271.180271
0.7234898,123,1271.813882
0.0,256,1271.897217
0.0,256,1272.023358
0.903552,48,1272.117712
-0.8682777,64,1272.117782
0.0,256,1272.223551
-0.95197165,25,1272.248331
0.98623335,8,1272.296034
-0.97427857,14,1272.376363
-0.88609046,56,1272.430323
0.95197165,25,1272.579175
0.0,256,1279.668074
0.38017267,220,1279.710146
0.4881406,196,1279.721924
0.9822646,10,1279.778574
-2.91643,42,1279.947971
0.89921844,50,1279.961739
0.0,256,1280.22799
-0.96824586,17,1280.314199
0.61237246,161,1280.786704
0.0,256,1281.13742
-0.9822646,10,1281.210368
0.98425096,9,1281.27716
0.0,256,1281.366212
0.6434769,151,1281.67906
0.0,256,1281.754777
-0.9291293,36,1281.886692
0.7905694,97,1281.916219
-0.61237246,161,1282.214464
-0.60596,163,1282.679436
-0.9478594,27,1282.830447
0.0,256,1283.315307
0.0,256,1283.344077
-0.7905694,97,1283.386291
0.0,256,1283.731936
0.8882919,55,1283.763001
-0.73420876,119,1284.103698
0.551985,179,1284.490231
0.85467464,70,1284.50954
-0.9822646,10,1284.553167
0.65251917,148,1284.617481
0.99412334,4,1284.644407
-0.9581069,22,1284.689998
-0.9601432,21,1284.812414
0.2576941,240,1285.112892
-0.64043444,152,1285.463702
-0.646505,150,1285.625879
-0.9270248,37,1285.691712
0.0,256,1285.929069
0.60917467,162,1285.998752
-0.9013878,49,1286.188007
0.70710677,129,1286.339349
-1.9291292,36,1286.411657
-2.4506938,205,1286.829493
0.8267973,82,1286.871277
-0.88609046,56,1287.215729
-0.596212,166,1287.305606
-0.045978904,24,1287.354905
0.0,256,1287.479986
0.74477345,115,1287.520433
-0.8882919,55,1287.670041
0.79549515,95,1288.023224
-0.96824586,17,1288.127419
-0.8052562,91,1288.210535
0.7234898,123,1288.245156
0.0,256,1288.791498
0.6027282,164,1289.102719
0.7473913,114,1289.386618
0.0,256,1289.527962
-2.0,256,1289.615636
-0.631219,155,1289.954025
-0.8149003,87,1290.020505
0.73420876,119,1290.052334
0.75259966,112,1290.256531
-0.8904879,54,1290.322237
0.96824586,17,1290.412482
-0.69877124,132,1290.702498
0.9416574,30,1297.002043
-0.649519,149,1297.267875
-0.9013878,49,1297.316213
0.6218671,158,1297.460004
0.0,256,1297.609949
0.833854,79,1297.657068
0.69877124,132,1297.92683
0.74477345,115,1298.172898
-0.8267973,82,1298.309155
0.0,256,1298.732416
0.0,256,1298.908233
0.96824586,17,1299.00624
-0.6343057,154,1299.042677
-0.91429615,43,1299.272815
-0.8052562,91,1299.804014
0.0,256,1299.818605
0.99215674,5,1299.853307
0.9722718,15,1299.939486
-0.95197165,25,1299.966947
-0.13975425,252,1300.199079
0.0,256,1300.531279
-0.9013878,49,1300.827266
0.49212548,195,1301.295715
0.0,256,1301.38097
0.0,256,1301.420245
0.9164299,42,1301.615578
-0.7043392,130,1302.022987
-0.9662266,18,1302.115243
0.0,256,1302.218103
-1.0,256,1302.779907
0.71260965,127,1302.801234
0.0,256,1303.001669
-0.60596,163,1303.114859
0.84779125,73,1303.213255
0.91855866,41,1303.438378
0.71260965,127,1303.509711
-0.6027282,164,1304.022428
-0.73420876,119,1304.108653
-0.20728905,246,1304.387302
-0.95197165,25,1304.526349
0.0,256,1304.932258
-0.8682777,64,1305.309795
-0.13975425,252,1305.462382
0.0,256,1305.56557
0.0,256,1305.988687
0.0,256,1306.737896
-0.37813285,158,1306.847347
0.0,256,1306.886776
-1.0,256,1306.981974
0.9822646,10,1307.057773
-0.9762812,13,1307.138892
-0.559017,177,1307.858245
-0.44194174,207,1307.917061
-0.5340002,184,1307.946278
-0.80282706,92,1314.635181
0.0,256,1314.755682
-0.69877124,132,1314.79027
-0.9375,32,1314.9273
0.98425096,9,1314.980016
-0.9540211,24,1315.10686
0.7930361,96,1315.178538
0.7781187,102,1315.379101
-0.35903516,224,1315.379154
0.875,61,1315.479361
-0.9416574,30,1315.555122
0.91001374,45,1315.771256
0.8772293,60,1316.08057
-0.7756046,103,1316.140686
-0.3952847,217,1316.445595
-0.9270248,37,1316.653498
0.0,256,1316.854292
0.5,193,1317.177622
0.72078514,124,1317.326733
0.87945294,59,1317.477259
-0.69877124,132,1317.553303
0.0,256,1317.570107
-0.97827977,12,1317.64028
-0.6614378,145,1318.128469
-0.72618437,122,1318.232608
-0.5115845,190,1318.677494
0.0,256,1318.893871
-0.45500687,204,1319.21921
-0.6817945,138,1319.398997
-0.96217525,20,1319.506979
0.0,256,1319.596343
-0.9164299,42,1319.815006
0.4375,208,1319.99764
-0.29973948,234,1320.451457
0.0,256,1320.873192
-0.95197165,25,1321.018355
0.45500687,204,1321.103955
0.98623335,8,1321.148659
0.0,256,1321.223286
0.96824586,17,1321.246168
-0.8408515,76,1321.620303
0.16535945,250,1321.823252
-1.0,256,1322.423349
0.0,256,1322.629216
0.0,256,1323.02298
0.0,256,1323.226319
-0.375,221,1323.583234
-0.872765,62,1323.895445
0.0,256,1323.959016
0.0,256,1324.353454
-0.369755,222,1324.385395
-1.7856128,99,1324.446458
-0.91001374,45,1324.637891
0.7153452,126,1324.670626
0.9702609,16,1324.769253
0.9478594,27,1324.804917
0.70710677,129,1325.169764
0.92491555,38,1325.369716
-0.649519,149,1325.595826
0.0,256,1331.912117
-0.4506939,205,1332.01268
-0.6434769,151,1332.538932
-0.7473913,114,1332.610703
0.0,256,1332.901516
-0.5038911,192,1332.952913
-0.89267856,53,1333.201421
0.89921844,50,1333.239869
0.8882919,55,1333.540045
-0.8637672,66,1333.569766
0.0,256,1333.937927
0.0,256,1334.008471
-0.7831228,100,1334.088424
0.6155536,160,1334.855539
0.0,256,1334.885796
0.9013878,49,1335.154701
-0.26516503,239,1335.248828
-0.31868872,231,1335.364092
-0.67023784,142,1336.019032
0.4375,208,1336.278537
0.0,256,1336.303703
0.85467464,70,1336.646598
0.0,256,1336.721833
0.8267973,82,1337.199343
0.2795085,237,1337.331974
0.63737744,153,1337.523832
0.0,256,1337.731672
0.41926274,212,1338.502593
0.0,256,1338.607566
-0.875,61,1338.838277
0.0,256,1338.931706
0.2338536,243,1339.056915
0.9375,32,1339.113919
0.788095,98,1339.164167
-0.8772293,60,1339.464882
-0.7781187,102,1339.646228
-0.8315084,80,1339.907964
0.0,256,1340.281972
0.0,256,1340.574759
0.69877124,132,1340.625174
0.3247595,230,1340.899966
-0.69597054,133,1341.371098
0.0,179,1341.599652
-0.9078649,46,1341.658812
0.0,256,1341.732428
-0.6731456,141,1341.744677
0.9762812,13,1341.819575
-0.9375,32,1341.930651
-0.8882919,55,1342.285174
-0.52663434,186,1342.77962
0.60917467,162,1342.790164
0.9802742,11,1342.856994
0.0,256,1343.128475
-0.6584784,146,1349.788489
0.0,256,1349.911025
0.73420876,119,1349.985021
0.3365728,228,1350.26461
-0.8315084,80,1350.370635
-0.8385255,77,1350.779182
-0.6614378,145,1351.03822
0.0,256,1351.156681
0.0,256,1351.294117
-0.85238636,71,1351.555661
0.72618437,122,1351.731061
0.8772293,60,1351.87866
0.7315437,120,1351.946369
0.9078649,46,1352.163972
0.0,256,1352.252178
0.5762215,172,1352.707757
0.0,256,1353.386013
-1.0,256,1353.56959
-0.15309311,251,1353.623949
-0.7577722,110,1353.984487
0.0,256,1354.100274
0.7043392,130,1354.304385
-0.903552,48,1354.405585
0.088388346,255,1355.055849
0.6614378,145,1355.11884
0.0,256,1355.414717
-0.7979466,94,1355.563733
0.85923296,68,1355.787993
0.0,256,1355.802344
-0.631219,155,1355.960735
-0.9354144,33,1356.137449
0.72886896,121,1356.227582
0.9206825,40,1356.462435
0.6027282,164,1356.744393
0.77055174,105,1356.762928
0.8904879,54,1357.052087
0.0,256,1357.245417
-0.9901862,6,1357.289139
0.9822646,10,1357.344324
0.9601432,21,1357.466038
-0.8291562,81,1384.552859
0.0,256,1384.564151
-0.97827977,12,1384.626215
0.551985,179,1384.714247
0.0,256,1384.82205
-0.85695684,69,1385.015126
0.9270248,37,1385.194317
0.60917467,162,1385.535924
0.29973948,234,1385.800086
0.0,256,1386.172533
0.586302,169,1386.496632
0.0,256,1386.594644
0.807678,90,1387.085161
-0.75259966,112,1387.127135
-0.5659616,175,1387.182848
0.0,256,1387.254724
0.8660254,65,1393.894442
0.7629097,108,1394.090376
-1.6404344,152,1394.318535
-0.6817945,138,1394.682258
0.3423266,227,1394.911575
0.625,157,1395.227577
0.42847842,210,1395.313181
0.903552,48,1395.511782
0.8637672,66,1395.683826
-0.6673174,143,1395.725445
0.0,256,1396.165827
0.8315084,80,1396.186589
-0.94991773,26,1396.332953
0.75,113,1396.333009
-0.94991773,26,1396.473143
0.872765,62,1396.674829
0.0,256,1396.96319
-0.8052562,91,1397.014246
-0.586302,169,1397.150802
0.9457966,28,1397.188896
0.0,256,1398.14607
0.0,256,1398.40894
0.369755,222,1398.421772
0.0,256,1398.580462
-0.92491555,38,1398.79014
-0.8267973,82,1398.878119
0.9375,32,1398.983451
0.875,61,1399.341134
0.0,256,1399.596176
0.0,256,1399.940908
-0.4635124,202,1400.113794
-0.7153452,126,1400.817061
0.0,256,1400.855583
0.0,256,1401.11701
0.85467464,70,1401.28238
0.0,256,1401.42393
-0.9078649,46,1401.67486
-0.72886896,121,1401.826843
-0.85238636,71,1402.072525
0.0,256,1402.26484
0.0,256,1402.686153
-0.2795085,237,1403.152618
-0.5762215,172,1403.257114
-0.93958104,31,1403.343314
-0.73686415,118,1403.412447
0.25,241,1403.475329
-0.9762812,13,1403.502766
-0.8454843,74,1403.738418
0.7979466,94,1404.437499
0.9121575,44,1404.704532
-1.4145781,213,1404.923614
-1.0,256,1405.058861
0.98623335,8,1405.112853
0.0,256,1405.174739
0.90571105,47,1405.411632
-0.90571105,47,1405.475083
0.0,256,1412.587229
0.0,256,1412.815203
-3.0,256,1413.259897
0.0,256,1413.320648
0.38527587,219,1413.902407
0.0,256,1414.355078
0.0,256,1414.800096
0.0,256,1414.863372
0.5625,176,1415.390501
0.0,256,1415.435174
0.7473913,114,1415.486634
0.8838835,57,1415.740396
-0.2576941,240,1416.293239
0.8244316,83,1416.806635
0.3307189,229,1416.890496
0.0,256,1417.025466
-6.0,256,1417.327207
0.7730823,104,1417.463188
0.8267973,82,1417.511371
-0.6846532,137,1417.711915
0.85238636,71,1417.898028
0.70156074,131,1418.204413
-0.9206825,40,1418.451141
0.64043444,152,1418.819887
0.0,256,1418.837105
0.91001374,45,1419.104682
0.0,256,1419.252019
0.9291293,36,1419.340661
-0.89267856,53,1419.577416
-0.91855866,41,1419.588882
0.94991773,26,1419.74453
0.0,256,1420.008118
-0.7680129,106,1420.214717
0.0,256,1420.379202
-0.9291293,36,1420.609667
0.49607837,194,1420.948078
-0.649519,149,1420.974491
-0.9416574,30,1421.107588
-0.6434769,151,1421.163373
-0.9822646,10,1421.183499
0.93122905,35,1421.394954
-0.9121575,44,1421.445081
0.596212,166,1421.643675
0.85467464,70,1421.862454
0.7831228,100,1421.990012
-2.0,256,1422.489361
-0.69877124,132,1422.631754
-0.5229125,187,1423.091638
-0.125,253,1423.139428
-0.9416574,30,1423.304638
-0.5115845,190,1423.754757
-0.17677669,249,1423.956225
-0.089986265,45,1424.206759
-0.19764236,247,1431.171889
0.0,256,1431.435442
0.0,256,1431.860166
0.0,256,1432.343641
0.97427857,14,1432.425529
0.0,256,1432.692645
-0.67023784,142,1432.744607
0.0,256,1433.005759
-0.872765,62,1433.119985
0.9540211,24,1433.277724
0.84779125,73,1433.728388
0.92491555,38,1433.978465
0.10825317,254,1434.08507
-0.98623335,8,1434.142718
-0.5625,176,1434.159434
0.0,256,1434.409204
0.8125,88,1434.671948
0.85009193,72,1435.129562
-0.9702609,16,1435.228894
0.0,256,1435.57731
-2.4145782,213,1435.73978
0.0,256,1435.762192
0.6643841,144,1436.650447
0.0,256,1436.820748
0.0,256,1437.122806
0.0,256,1437.254666
0.6584784,146,1437.433866
0.45927933,203,1437.994854
-0.80039054,93,1438.035851
-0.6343057,154,1438.068958
0.9121575,44,1438.327667
-0.9478594,27,1438.493118
0.0,256,1438.837067
0.6281172,156,1438.98591
0.0,256,1439.46233
-0.35355338,225,1439.642153
0.5694021,174,1439.71178
0.8637672,66,1439.802614
0.53764534,183,1439.902975
-1.9560661,23,1439.920496
0.85009193,72,1440.019435
0.5340002,184,1440.925109
0.0,256,1441.116756
0.903552,48,1441.195224
0.29973948,234,1441.226064
-0.92491555,38,1441.414126
0.0,256,1441.43886
-0.89267856,53,1441.482604
-0.9121575,44,1441.649414
-0.7781187,102,1441.66738
-0.78062475,101,1441.939374
0.74477345,115,1442.202978
-0.98821175,7,1442.251576
0.0,256,1442.754543
0.2724312,238,1442.837018
0.5412659,182,1442.852558
0.9078649,46,1449.496126
-0.7551904,111,1449.816909
-1.0,256,1449.954788
0.9540211,24,1450.079342
-0.76546556,107,1450.359047
0.0,256,1450.470386
0.8149003,87,1450.529414
0.8838835,57,1450.76128
0.0,256,1450.804215
-0.903552,48,1451.06611
0.69033504,135,1451.508292
-0.40019527,216,1451.631929
0.0,256,1451.6864
-0.72886896,121,1452.26278
0.0,256,1452.295717
0.625,157,1452.400154
0.0,256,1452.737836
0.95606613,23,1452.858347
-0.45500687,204,1453.315647
0.4635124,202,1453.339394
0.99412334,4,1453.350274
-0.5153882,189,1453.405775
0.0,256,1454.234043
0.293151,235,1454.542379
0.29973948,234,1454.542449
0.0,256,1454.682473
0.8125,88,1454.955559
-0.6218671,158,1454.994411
0.559017,177,1455.417329
0.646505,150,1455.43825
0.8172935,86,1455.452462
0.86150306,67,1455.764484
0.97427857,14,1455.835506
-0.93122905,35,1456.012139
0.0,256,1456.24638
0.57960117,171,1456.284668
0.92491555,38,1456.442183
0.0,256,1456.686844
0.6218671,158,1457.05245
-0.21650635,245,1457.235745
-0.79549515,95,1457.587273
0.3423266,227,1457.622405
0.9206825,40,1457.829467
0.0,256,1458.05077
-0.53033006,185,1458.246918
-0.89267856,53,1458.329081
0.6673174,143,1458.561241
0.8385255,77,1458.624795
0.80282706,92,1458.775893
-0.89704376,51,1458.825562
0.0,256,1458.908363
0.86150306,67,1458.964452
-0.89267856,53,1459.084119
-0.99412334,4,1459.111608
-0.86150306,67,1459.12814
-0.13849695,67,1459.262441
-0.07931751,40,1459.331558
0.8385255,77,1459.504502
-0.89486384,52,1459.579138
0.61237246,161,1466.754486
0.369755,222,1466.785299
0.7180703,125,1466.894881
0.0,256,1467.430303
0.53033006,185,1467.611485
-0.60917467,162,1467.644323
0.80282706,92,1467.876936
0.2338536,243,1467.93731
0.0,256,1468.885512
0.0,256,1468.919513
0.0,256,1469.180038
-0.89704376,51,1469.209952
0.0,256,1469.258737
0.97827977,12,1469.276554
0.9478594,27,1469.396408
-0.92491555,38,1469.625038
-0.8315084,80,1469.742024
0.45927933,203,1470.078352
-0.7629097,108,1470.210617
0.9375,32,1470.243455
-1.879453,59,1470.528893
0.0,256,1470.687317
-0.89486384,52,1470.951
0.286411,236,1470.992427
-0.9416574,30,1471.152183
0.0,256,1471.542192
-0.5493061,205,1471.608383
-0.53764534,183,1471.888002
-0.625,157,1471.944169
0.9013878,49,1472.192427
0.65251917,148,1472.29518
0.9901862,6,1472.331295
-0.73686415,118,1472.509432
